INSERT INTO `library`.`book` (`id`, `brief`, `publish_year`, `author`, `title`) VALUES (1, 'hjgvhgv', 1990, 'Abramov S.S', 'Magistran');
INSERT INTO `library`.`book` (`id`, `brief`, `publish_year`, `author`, `title`) VALUES (2, 'kjkjkjk', 1995, 'Bogdanov S.S', 'Magistran');
INSERT INTO `library`.`book` (`id`, `brief`, `publish_year`, `author`, `title`) VALUES (3, 'rttrt', 1967, 'Ruzvelt A.S', 'Magistran');
INSERT INTO `library`.`book` (`id`, `brief`, `publish_year`, `author`, `title`) VALUES (4, 'zszs', 1925, 'Abramov S.S', 'Magistran');
INSERT INTO `library`.`book` (`id`, `brief`, `publish_year`, `author`, `title`) VALUES (5, 'SSS', 1944, 'Abramov S.S', 'Magistran');
INSERT INTO `library`.`book` (`id`, `brief`, `publish_year`, `author`, `title`) VALUES (6, 'aAzzz', 1980, 'Abramov S.S', 'Magistran');
INSERT INTO `library`.`book` (`id`, `brief`, `publish_year`, `author`, `title`) VALUES (7, 'cvccv', 1940, 'Abramov S.S', 'Magistran');
INSERT INTO `library`.`book` (`id`, `brief`, `publish_year`, `author`, `title`) VALUES (8, 'nbnbn', 1950, 'Abramov S.S', 'Magistran');
INSERT INTO `library`.`book` (`id`, `brief`, `publish_year`, `author`, `title`) VALUES (9, 'jjjjj', 1960, 'Abramov S.S', 'Magistran');
INSERT INTO `library`.`book` (`id`, `brief`, `publish_year`, `author`, `title`) VALUES (10, 'kklkl', 1970, 'Abramov S.S', 'Magistran');
INSERT INTO `library`.`book` (`id`, `brief`, `publish_year`, `author`, `title`) VALUES (11, 'lkkllk', 1980, 'Abramov S.S', 'Magistran');
INSERT INTO `library`.`book` (`id`, `brief`, `publish_year`, `author`, `title`) VALUES (12, 'kjjk', 1990, 'Abramov S.S', 'Magistran');
INSERT INTO `library`.`book` (`id`, `brief`, `publish_year`, `author`, `title`) VALUES (13, 'bbnb', 2000, 'Abramov S.S', 'Magistran');
INSERT INTO `library`.`book` (`id`, `brief`, `publish_year`, `author`, `title`) VALUES (14, 'iuiui', 1990, 'Abramov S.S', 'Magistran');
INSERT INTO `library`.`book` (`id`, `brief`, `publish_year`, `author`, `title`) VALUES (15, 'tytty', 1990, 'Abramov S.S', 'Magistran');
INSERT INTO `library`.`book` (`id`, `brief`, `publish_year`, `author`, `title`) VALUES (16, 'reeerer', 2005, 'Abramov S.S', 'Magistran');
INSERT INTO `library`.`book` (`id`, `brief`, `publish_year`, `author`, `title`) VALUES (17, 'wewqw', 2010, 'Abramov S.S', 'Magistran');
INSERT INTO `library`.`book` (`id`, `brief`, `publish_year`, `author`, `title`) VALUES (18, 'poopo', 2015, 'Abramov S.S', 'fdFDfdf');
INSERT INTO `library`.`book` (`id`, `brief`, `publish_year`, `author`, `title`) VALUES (19, 'popii', 1990, 'Abramov S.S', 'Magistran');
INSERT INTO `library`.`book` (`id`, `brief`, `publish_year`, `author`, `title`) VALUES (20, 'trtrtr', 1990, 'Abramov S.S', 'Asasa');




INSERT INTO `library`.`employee` (`id`, `name`, `date_of_birth`, `email`) VALUES (3, 'Paspsi A.D', '2011-5-05', 'aaa@yandex.by');
INSERT INTO `library`.`employee` (`id`, `name`, `date_of_birth`, `email`) VALUES (4, 'Sakk A.D', '2012-11-06', 'aaa@yandex.by');
INSERT INTO `library`.`employee` (`id`, `name`, `date_of_birth`, `email`) VALUES (5, 'Qwer A.D', '2013-7-08', 'aaa@yandex.by');
INSERT INTO `library`.`employee` (`id`, `name`, `date_of_birth`, `email`) VALUES (6, 'Vbn A.D', '2012-7-08', 'uuu@yandex.by');
INSERT INTO `library`.`employee` (`id`, `name`, `date_of_birth`, `email`) VALUES (7, 'Oppp A.D', '2012-7-04', 'ggg@yandex.by');
INSERT INTO `library`.`employee` (`id`, `name`, `date_of_birth`, `email`) VALUES (8, 'Lddfdf A.D', '2012-7-04', 'aaa@yandex.by');
INSERT INTO `library`.`employee` (`id`, `name`, `date_of_birth`, `email`) VALUES (9, 'Qwer A.D', '2012-7-04', 'aaa@yandex.by');
INSERT INTO `library`.`employee` (`id`, `name`, `date_of_birth`, `email`) VALUES (10, 'Qwdd A.D', '2012-7-04', 'klk@yandex.by');
INSERT INTO `library`.`employee` (`id`, `name`, `date_of_birth`, `email`) VALUES (11, 'Xxxxx A.D', '2012-7-04', 'nnn@yandex.by');
INSERT INTO `library`.`employee` (`id`, `name`, `date_of_birth`, `email`) VALUES (12, 'Vbbb A.D', '2012-7-04', 'aaa@yandex.by');
INSERT INTO `library`.`employee` (`id`, `name`, `date_of_birth`, `email`) VALUES (13, 'Oiii A.D', '2012-7-04', 'aaa@yandex.by');
INSERT INTO `library`.`employee` (`id`, `name`, `date_of_birth`, `email`) VALUES (14, 'Vbbnb A.D', '2012-7-04', 'aaa@yandex.by');
INSERT INTO `library`.`employee` (`id`, `name`, `date_of_birth`, `email`) VALUES (15, 'Paspsi A.D', '2012-7-04', 'aaa@yandex.by');
INSERT INTO `library`.`employee` (`id`, `name`, `date_of_birth`, `email`) VALUES (16, 'Paspsi A.D', '2012-7-04', 'aaa@yandex.by');
INSERT INTO `library`.`employee` (`id`, `name`, `date_of_birth`, `email`) VALUES (17, 'Paspsi A.D', '2012-7-04', 'aaa@yandex.by');
INSERT INTO `library`.`employee` (`id`, `name`, `date_of_birth`, `email`) VALUES (18, 'Paspsi A.D', '2012-7-04', 'aaa@yandex.by');
INSERT INTO `library`.`employee` (`id`, `name`, `date_of_birth`, `email`) VALUES (19, 'Paspsi A.D', '2012-7-04', 'aaa@yandex.by');
INSERT INTO `library`.`employee` (`id`, `name`, `date_of_birth`, `email`) VALUES (20, 'Paspsi A.D', '2012-7-04', 'aaa@yandex.by'); 




INSERT INTO `library`.`employee_book` (`book_id`, `employee_id`, `id`) VALUES (1, 3, 1);
INSERT INTO `library`.`employee_book` (`book_id`, `employee_id`, `id`) VALUES (1, 4, 2);
INSERT INTO `library`.`employee_book` (`book_id`, `employee_id`, `id`) VALUES (1, 5, 3);
INSERT INTO `library`.`employee_book` (`book_id`, `employee_id`, `id`) VALUES (2, 3, 4);
INSERT INTO `library`.`employee_book` (`book_id`, `employee_id`, `id`) VALUES (2, 4, 5);
INSERT INTO `library`.`employee_book` (`book_id`, `employee_id`, `id`) VALUES (2, 5, 6);
INSERT INTO `library`.`employee_book` (`book_id`, `employee_id`, `id`) VALUES (2, 6, 7);
INSERT INTO `library`.`employee_book` (`book_id`, `employee_id`, `id`) VALUES (5, 4, 8);
INSERT INTO `library`.`employee_book` (`book_id`, `employee_id`, `id`) VALUES (5, 8, 9);
INSERT INTO `library`.`employee_book` (`book_id`, `employee_id`, `id`) VALUES (5, 9, 10);
INSERT INTO `library`.`employee_book` (`book_id`, `employee_id`, `id`) VALUES (6, 7, 11);
INSERT INTO `library`.`employee_book` (`book_id`, `employee_id`, `id`) VALUES (6, 8, 12);
INSERT INTO `library`.`employee_book` (`book_id`, `employee_id`, `id`) VALUES (6, 9, 13);
INSERT INTO `library`.`employee_book` (`book_id`, `employee_id`, `id`) VALUES (6, 12, 14);
INSERT INTO `library`.`employee_book` (`book_id`, `employee_id`, `id`) VALUES (8, 7, 15);
INSERT INTO `library`.`employee_book` (`book_id`, `employee_id`, `id`) VALUES (8, 8, 16);
INSERT INTO `library`.`employee_book` (`book_id`, `employee_id`, `id`) VALUES (9, 6, 17);
INSERT INTO `library`.`employee_book` (`book_id`, `employee_id`, `id`) VALUES (9, 5, 18);
INSERT INTO `library`.`employee_book` (`book_id`, `employee_id`, `id`) VALUES (7, 12, 19);
INSERT INTO `library`.`employee_book` (`book_id`, `employee_id`, `id`) VALUES (7, 13, 20);